lead_time_hours,r2_score,rmse,mae
1,0.9173471413049777,72.65529784533051,37.65725133688177
3,0.8870614005484427,83.93587372686525,51.98845481397224
6,0.8876046804700445,84.57499319368355,54.25975223429059
12,0.8790988725111248,88.3688652876334,55.709657949572026
18,0.8828212091720131,87.63382830872607,53.727363127759034
24,0.8874795193224914,84.08670521418404,50.78150623990121
36,0.871246730668411,91.77843988657094,60.12870654896372
48,0.8761204671525413,90.20215774640543,57.027002190306845
